Match ID,Radiant 1,Radiant 2,Radiant 3,Radiant 4,Radiant 5,Dire 1,Dire 2,Dire 3,Dire 4,Dire 5,Wins,
2653917801,Morphling,Templar Assassin,Slardar,Riki,Shadow Demon,Faceless Void,Kunkka,Dark Seer,Rubick,Oracle,Radiant,
2653895464,Phantom Lancer,Tinker,Windranger,Legion Commander,Rubick,Morphling,Arc Warden,Timbersaw,Riki,Winter Wyvern,Radiant,
2653923517,Morphling ,Arc Warden,Spirit Breaker,Bounty Hunter,Silencer,Wraith King,Invoker,Timbersaw,Riki,Ancient Apparition,Radiant,
2653905857,Ursa,Outworld Devourer,Night Stalker,Bloodseeker,Omniknight,Phantom Assassin,Invoker,Puck,Doom,Rubick,Radiant,
2653905897,Anti-Mage,Sniper,Phantom Assassin,Magnus,Clockwerk,Juggernaut,Invoker,Timbersaw,Riki,Earth Spirit,Dire,
2653867987,Drow Ranger,Storm Spirit,Faceless Void,Ursa,Keeper of the Light,Necrophos,Outworld Devourer,Axe,Nyx Assassin,Earthshaker,Radiant,
2653933651,Sven,Troll Warlord,Centaur Warrunner,Axe,Venomancer,Drow Ranger,Outworld Devourer,Spirit Breaker,Leshrac,Lina,Dire,
2653899157,Drow Ranger,Invoker,Bloodseeker,Bounty Hunter,Alchemist,Anti-Mage,Storm Spirit,Weaver,Lina,Oracle,Dire,
2653944717,Slark,Juggernaut,Beastmaster,Naga Siren,Bane,Troll Warlord,Invoker,Faceless Void,Lifestealer,Shadow Demon,Dire,
2653879070,Drow Ranger,Tinker,Timbersaw,Legion Commander,Keeper of the Light,Phantom Assassin,Outworld Devourer,Tidehunter,Sven,Omniknight,Radiant,
2653926165,Phantom Assassin,Storm Spirit,Puck,Rubick,Pudge,Juggernaut,Mirana,Timbersaw,Riki,Warlock,Radiant,
2653950961,Slark,Kunkka,Underlord,Sand King,Rubick,Phantom Assassin,Mirana,Axe,Undying,Shadow Shaman,Radiant,
2653931284,Morphling,Outworld Devourer,Sand King,Legion Commander,Keeper of the Light,Sven,Juggernaut,Windranger,Bloodseeker,Pudge,Radiant,
2653940923,Sven,Invoker,Timbersaw,Nyx Assassin,Witch Doctor,Juggernaut,Tinker,Legion Commander,Omniknight,Ogre Magi,Dire,
2653918209,Morphling,Drow Ranger,Necrophos,Legion Commander,Shadow Shaman,Spectre,Zeus,Faceless Void,Riki,Silencer,Dire,
2653913368,Medusa,Zeus,Sniper,Visage,Silencer,Anti-Mage,Queen of Pain,Doom,Bounty Hunter,Ogre Magi,Dire,
2653926043,Morphling,Outworld Devourer,Timbersaw,Sand King,Omniknight,Drow Ranger,Invoker,Faceless Void,Techies,Shadow Demon,Radiant,
2653924825,Faceless Void,Outworld Devourer,Abaddon,Witch Doctor,Earthshaker,Slark,Mirana,Queen of Pain,Keeper of the Light,Lion,Radiant,
2653901796,Morphling ,Phantom Assassin,Puck,Night Stalker,Warlock,Luna,Kunkka,Riki,Sand King,Winter Wyvern,Radiant,
2653931821,Anti-Mage,Lina,Clockwerk,Bounty Hunter,Shadow Demon,Sven,Drow Ranger,Tidehunter,Disruptor,Vengeful Spirit,Dire,
2653902555,Spectre,Medusa,Necrophos,Pudge,Bounty Hunter,Wraith King,Alchemist,Kunkka,Magnus,Keeper of the Light,Radiant,
2653936904,Anti-Mage,Puck,Riki,Legion Commander,Winter Wyvern,Wraith King,Meepo,Sand King,Pudge,Shadow Demon,Dire,
2653930077,Terrorblade,Meepo,Phoenix,Necrophos,Dazzle,Morphling,Phantom Assassin,Doom,Pudge,Ancient Apparition,Radiant,
2653946814,Luna,Dragon Knight,Phoenix,Bounty Hunter,Vengeful Spirit,Slark,Meepo,Axe,Riki,Necrophos,Dire,
2653919975,Phantom Lancer,Outworld Devourer,Lone Druid,Enigma,Rubick,Slark,Storm Spirit,Underlord,Omniknight,Lion,Dire,
2653920988,Medusa,Phantom Assassin,Sven,Axe,Undying,Morphling,Invoker,Broodmother,Bloodseeker,Bane,Dire,
2653916427,Phantom Assassin,Tiny,Magnus,Keeper of the Light,Vengeful Spirit,Drow Ranger,Troll Warlord,Axe,Witch Doctor,Shadow Demon,Radiant,
2653906054,Phantom Assassin,Invoker,Kunkka,Beastmaster,Skywrath Mage,Lycan,Sniper,Huskar,Tidehunter,Oracle,Radiant,
2653923522,Juggernaut,Death Prophet,Magnus,Ogre Magi,Oracle,Outworld Devourer,Invoker,Underlord,Alchemist,Witch Doctor,Radiant,
2653912785,Morphling,Tinker,Faceless Void,Ogre Magi,Bane,Anti-Mage,Mirana,Necrophos,Nyx Assassin,Earthshaker,Radiant,
2653938900,Medusa,Alchemist,Faceless Void,Legion Commander,Riki,Ursa,Juggernaut,Timbersaw,Lina,Lich,Dire,
2653920015,Faceless Void,Tinker,Kunkka,Necrophos,Shadow Shaman,Lifestealer,Mirana,Underlord,Abaddon,Disruptor,Radiant,
2653930726,Medusa,Drow Ranger,Slark,Underlord,Earthshaker,Anti-Mage,Invoker,Slardar,Nyx Assassin,Sand King,Radiant,
2653922680,Morphling ,Mirana,Faceless Void,Winter Wyvern,Keeper of the Light,Troll Warlord,Juggernaut,Magnus,Nyx Assassin,Skywrath Mage,Radiant,
2653922393,Juggernaut,Invoker,Kunkka,Riki,Rubick,Phantom Assassin,Zeus,Magnus,Necrophos,Pudge,Dire,
2653908177,Morphling,Dragon Knight,Venomancer,Nyx Assassin,Pugna,Outworld Devourer,Mirana,Clockwerk,Timbersaw,Rubick,Radiant,
2653919712,Anti-Mage,Mirana,Tiny,Centaur Warrunner,Shadow Demon,Juggernaut,Windranger,Nyx Assassin,Rubick,Bane,Radiant,
2653924774,Morphling,Queen of Pain,Faceless Void,Night Stalker,Lion,Anti-Mage,Tinker,Mirana,Keeper of the Light,Oracle,Radiant,
2653935568,Anti-Mage,Shadow Fiend,Slardar,Riki,Disruptor,Drow Ranger,Storm Spirit,Zeus,Morphling,Earthshaker,Dire,
2653916873,Gyrocopter,Sven,Razor,Enigma,Windranger,Slark,Alchemist,Sand King,Lion,Shadow Demon,Dire,
2653919517,Drow Ranger,Mirana,Slardar,Legion Commander,Lina,Juggernaut,Arc Warden,Kunkka,Windranger,Riki,Radiant,
2653872094,Juggernaut,Invoker,Kunkka,Legion Commander,Keeper of the Light,Slark,Mirana,Tidehunter,Bloodseeker,Techies,Dire,
2653910980,Lifestealer,Phantom Assassin,Sand King,Ogre Magi,Rubick,Morphling,Huskar,Pudge,Omniknight,Lion,Dire,
2653915639,Faceless Void,Mirana,Legion Commander,Ancient Apparition,Crystal Maiden,Ember Spirit,Tinker,Alchemist,Timbersaw,Lion,Dire,
2653917126,Meepo,Magnus,Elder Titan ,Nyx Assassin,Rubick,Ember Spirit,Invoker,Sven,Morphling,Lina,Dire,
2653926567,Sven,Shadow Fiend,Slardar,Omniknight,Witch Doctor,Morphling,Batrider,Faceless Void,Earth Spirit,Lion,Dire,
2653946911,Juggernaut,Sven,Axe,Pudge,Vengeful Spirit,Drow Ranger,Invoker,Phoenix,Mirana,Rubick,Dire,
2653899167,Drow Ranger,Invoker,Huskar,Axe,Pudge,Phantom Assassin,Shadow Fiend,Slardar,Ursa,Shadow Shaman,Radiant,
2653905324,Morphling ,Sniper,Faceless Void,Earth Spirit,Crystal Maiden,Spectre,Storm Spirit,Necrophos,Pudge,Treant Protector,Dire,
2653923153,Slark,Alchemist,Mirana,Magnus,Keeper of the Light,Anti-Mage,Legion Commander,Clockwerk,Axe,Rubick,Radiant,
2664177461,Spectre,Storm Spirit,Windranger,Mirana,Tusk,Sniper,Meepo,Doom,Nature's Prophet,Bloodseeker,Radiant,
2664242546,Juggernaut,Huskar,Clockwerk,Axe,Bounty Hunter,Phantom Assassin,Sniper,Alchemist,Underlord,Earthshaker,Radiant,
2664220992,Phantom Assassin,Outworld Devourer,Mirana,Legion Commander,Bounty Hunter,Drow Ranger,Puck,Weaver,Pudge,Rubick,Dire,
2664213135,Lifestealer,Huskar,Mirana,Skywrath Mage,Bounty Hunter,Slark,Storm Spirit,Sand King,Pudge,Riki,Dire,
2664243462,Drow Ranger,Shadow Fiend,Nyx Assassin,Pudge,Dazzle,Terrorblade,Bloodseeker,Sand King,Elder Titan,Disruptor,Radiant,
2664200520,Luna,Templar Assassin,Kunkka,Pudge,Riki,Faceless Void,Windranger,Batrider,Sand King,Bounty Hunter,Dire,
2664223569,Drow Ranger,Puck,Timbersaw,Mirana,Ancient Apparition,Anti-Mage,Morphling,Batrider,Axe,Crystal Maiden,Radiant,
2664208116,Spectre,Mirana,Faceless Void,Enigma,Witch Doctor,Lone Druid,Tinker,Tusk,Visage,Crystal Maiden,Radiant,
2664219283,Spectre,Zeus,Faceless Void,Beastmaster,Pudge,Morphling,Invoker,Clockwerk,Sven,Riki,Radiant,
2664220419,Tiny,Tinker,Phoenix,Bloodseeker,Disruptor,Faceless Void,Skywrath Mage,Weaver,Undying,Pudge,Radiant,
2664215376,Anti-Mage,Pudge,Timbersaw,Rubick,Bounty Hunter,Spectre,Tinker,Faceless Void,Bloodseeker,Vengeful Spirit,Radiant,
2664233448,Lifestealer,Tinker,Mirana,Ursa,Techies,Juggernaut,Queen of Pain,Phoenix,Legion Commander,Spirit Breaker,Dire,
2664204698,Phantom Lancer,Storm Spirit,Riki,Axe,Pudge,Drow Ranger,Medusa,Bloodseeker,Venomancer,Spirit Breaker,Dire,
2664200935,Alchemist,Pudge,Riki,Bounty Hunter,Ancient Apparition,Morphling,Arc Warden,Juggernaut,Nyx Assassin,Spirit Breaker,Radiant,
2664232221,Juggernaut,Storm Spirit,Sand King,Bloodseeker,Ogre Magi,Slark,Magnus,Pudge,Winter Wyvern,Omniknight,Dire,
2664229193,Morphling,Lina,Axe,Bounty Hunter,Pudge,Phantom Assassin,Invoker,Terrorblade,Sand King,Disruptor,Radiant,
2664220120,Clinkz,Phantom Assassin,Underlord,Mirana,Lina,Anti-Mage,Storm Spirit,Timbersaw,Tidehunter,Silencer,Dire,
2664214010,Morphling,Alchemist,Kunkka,Ogre Magi,Bounty Hunter,Phantom Assassin,Invoker,Nyx Assassin,Elder Titan,Ancient Apparition,Radiant,
2664222055,Juggernaut,Invoker,Mirana,Ursa,Omniknight,Drow Ranger,Alchemist,Axe,Shadow Demon,Pudge,Radiant,
2664227318,Juggernaut,Ember Spirit,Venomancer,Ogre Magi,Rubick,Luna,Timbersaw,Underlord,Mirana,Shadow Demon,Radiant,
2664205441,Lone Druid,Storm Spirit,Huskar,Magnus,Sand King,Anti-Mage,Invoker,Faceless Void,Axe,Skywrath Mage,Radiant,
2664225717,Slark,Storm Spirit,Tidehunter,Io,Skywrath Mage,Phantom Assassin,Kunkka,Faceless Void,Arc Warden,Silencer,Dire,
2664223314,Sven,Invoker,Timbersaw,Omniknight,Shadow Shaman,Juggernaut,Necrophos,Bristleback,Mirana,Crystal Maiden,Dire,
2664217395,Spectre,Alchemist,Lina,Bounty Hunter,Pudge,Razor,Storm Spirit,Slardar,Bloodseeker,Riki,Radiant,
2664218535,Drow Ranger,Storm Spirit,Magnus,Mirana,Witch Doctor,Outworld Devourer,Shadow Fiend,Faceless Void,Legion Commander,Silencer,Dire,
2664240194,Ursa,Outworld Devourer,Tidehunter,Winter Wyvern,Omniknight,Luna,Invoker,Drow Ranger,Silencer,Oracle,Dire,
2664219696,Morphling,Phantom Assassin,Nyx Assassin,Abaddon,Pudge,Drow Ranger,Tinker,Visage,Riki,Mirana,Dire,
2664228479,Morphling,Phantom Assassin,Centaur Warrunner,Enigma,Vengeful Spirit,Sven,Invoker,Broodmother,Legion Commander,Elder Titan,Radiant,
2664231976,Terrorblade,Templar Assassin,Sand King,Pudge,Disruptor,Morphling,Mirana,Bristleback,Lina,Oracle,Radiant,
2664226804,Slark,Alchemist,Magnus,Bounty Hunter,Ogre Magi,Sven,Storm Spirit,Viper,Witch Doctor,Omniknight,Dire,
2664227550,Nyx Assassin,Zeus,Broodmother,Bloodseeker,Venomancer,Sven,Invoker,Axe,Abaddon,Winter Wyvern,Dire,
2664217448,Drow Ranger,Invoker,Faceless Void,Mirana,Lion,Morphling,Pudge,Timbersaw,Legion Commander,Rubick,Radiant,
2664186535,Morphling,Sniper,Timbersaw,Abaddon,Disruptor,Juggernaut,Phantom Assassin,Drow Ranger,Mirana,Shadow Shaman,Radiant,
2664211811,Sven,Mirana,Kunkka,Nyx Assassin,Jakiro,Morphling,Shadow Fiend,Axe,Vengeful Spirit,Shadow Shaman,Radiant,
2664218922,Morphling,Invoker,Pudge,Riki,Winter Wyvern,Phantom Assassin,Mirana,Axe,Magnus,Dazzle,Radiant,
2664210357,Morphling,Sniper,Mirana,Legion Commander,Pudge,Juggernaut,Tinker,Riki,Venomancer,Disruptor,Dire,
2664192261,Morphling,Outworld Devourer,Weaver,Witch Doctor,Phoenix,Phantom Assassin,Storm Spirit,Clockwerk,Brewmaster,Pudge,Radiant,
2664221095,Phantom Assassin,Arc Warden,Tusk,Vengeful Spirit,Lion,Sven,Juggernaut,Faceless Void,Drow Ranger,Mirana,Radiant,
2664197933,Drow Ranger,Windranger,Faceless Void,Mirana,Shadow Demon,Phantom Assassin,Queen of Pain,Slardar,Riki,Omniknight,Radiant,
2664220725,Juggernaut,Mirana,Clockwerk,Kunkka,Ancient Apparition,Wraith King,Magnus,Alchemist,Rubick,Tusk,Radiant,
2664223561,Anti-Mage,Phantom Assassin,Underlord,Mirana,Zeus,Morphling,Queen of Pain,Drow Ranger,Axe,Bounty Hunter,Radiant,
2664199380,Luna,Invoker,Slardar,Phoenix,Pudge,Terrorblade,Lina,Zeus,Kunkka,Keeper of the Light,Dire,
2664218826,Outworld Devourer,Storm Spirit,Batrider,Kunkka,Vengeful Spirit,Morphling,Invoker,Timbersaw,Mirana,Earth Spirit,Dire,
2664243827,Phantom Assassin,Invoker,Abaddon,Kunkka,Riki,Luna,Templar Assassin,Faceless Void,Chaos Knight,Mirana,Radiant,
2664204225,Phantom Assassin,Storm Spirit,Queen of Pain,Axe,Omniknight,Juggernaut,Tinker,Alchemist,Phoenix,Rubick,Dire,
2664196920,Anti-Mage,Templar Assassin,Bristleback,Rubick,Dazzle,Slark,Lina,Nyx Assassin,Crystal Maiden,Oracle,Dire,
2664207642,Juggernaut,Tinker,Slardar,Sand King,Lina,Morphling,Ember Spirit,Weaver,Ursa,Winter Wyvern,Radiant,
2664181961,Meepo,Outworld Devourer,Mirana,Undying,Lion,Sven,Invoker,Timbersaw,Kunkka,Shadow Demon,Dire,
2664236653,Meepo,Puck,Sand King,Pudge,Crystal Maiden,Drow Ranger,Arc Warden,Faceless Void,Mirana,Ogre Magi,Radiant,
2664221456,Spectre,Lina,Faceless Void,Jakiro,Pudge,Chaos Knight,Tinker,Timbersaw,Bloodseeker,Naga Siren,Radiant,
2671493546,Drow Ranger,Invoker,Sand King,Axe,Omniknight,Slark,Puck,Centaur Warrunner,Lina,Riki,Radiant,
2671501638,Juggernaut,Outworld Devourer,Underlord,Witch Doctor,Rubick,Morphling,Invoker,Mirana,Riki,Ogre Magi,Dire,
2671483902,Anti-Mage,Zeus,Timbersaw,Legion Commander,Rubick,Juggernaut,Kunkka,Necrophos,Silencer,Pudge,Dire,
2671509134,Terrorblade,Tinker,Faceless Void,Riki,Warlock,Morphling,Arc Warden,Undying,Bounty Hunter,Vengeful Spirit,Radiant,
2671501064,Morphling ,Batrider,Underlord,Kunkka,Spirit Breaker,Drow Ranger,Shadow Fiend,Faceless Void,Pudge,Riki,Radiant,
2671499008,Slark,Storm Spirit,Sand King,Oracle,Skywrath Mage,Drow Ranger,Shadow Fiend,Dark Seer,Io,Lion,Radiant,
2671484969,Morphling ,Storm Spirit,Axe,Omniknight,Winter Wyvern,Drow Ranger,Phantom Assassin,Windranger,Legion Commander,Warlock,Radiant,
2671503228,Luna,Juggernaut,Axe,Earthshaker,Disruptor,Morphling,Tiny,Pudge,Underlord,Kunkka,Radiant,
2671478045,Phantom Assassin,Tiny,Doom,Bloodseeker,Silencer,Slark,Tinker,Necrophos,Tidehunter,Jakiro,Radiant,
2671492489,Troll Warlord,Tinker,Phantom Assassin,Necrophos,Omniknight,Drow Ranger,Weaver,Axe,Nature's Prophet,Shadow Demon,Radiant,
2671487750,Anti-Mage,Invoker,Dark Seer,Slardar,Riki,Wraith King,Tinker,Nyx Assassin,Pudge,Kunkka,Radiant,
2671498447,Slark,Tinker,Axe,Sand King,Kunkka,Morphling,Ember Spirit,Underlord,Lion,Riki,Dire,
2671504534,Huskar,Alchemist,Legion Commander,Nature's Prophet,Dazzle,Morphling,Invoker,Timbersaw,Doom,Keeper of the Light,Radiant,
2671488520,Luna,Invoker,Sand King,Viper,Kunkka,Morphling,Shadow Fiend,Faceless Void,Rubick,Ogre Magi,Dire,
2671486399,Drow Ranger,Outworld Devourer,Omniknight,Crystal Maiden,Vengeful Spirit,Phantom Assassin,Windranger,Pudge,Oracle,Sand King,Dire,
2671492685,Juggernaut,Puck,Phoenix,Omniknight,Lion,Drow Ranger,Mirana,Timbersaw,Phantom Assassin,Rubick,Dire,
2671497483,Drow Ranger,Morphling,Outworld Devourer,Lich,Witch Doctor,Gyrocopter,Queen of Pain,Spectre,Shadow Shaman,Pudge,Radiant,
2671495646,Sven,Tiny,Sand King,Mirana,Elder Titan,Slark,Tinker,Phantom Assassin,Disruptor,Bane,Radiant,
2671511599,Morphling ,Phantom Assassin,Sand King,Bloodseeker,Shadow Demon,Drow Ranger,Luna,Clockwerk,Bounty Hunter,Ancient Apparition,Radiant,
2671490905,Morphling ,Tinker,Underlord,Sand King,Keeper of the Light,Drow Ranger,Timbersaw,Windranger,Mirana,Ancient Apparition,Radiant,
2671493671,Faceless Void,Lina,Undying,Legion Commander,Rubick,Drow Ranger,Invoker,Timbersaw,Mirana,Underlord,Dire,
2671494313,Slark,Tiny,Juggernaut,Rubick,Skywrath Mage,Phantom Assassin,Timbersaw,Axe,Bounty Hunter,Pudge,Dire,
2671503585,Faceless Void,Alchemist,Phantom Assassin,Troll Warlord,Oracle,Terrorblade,Juggernaut,Spirit Breaker,Earthshaker,Venomancer,Dire,
2671485668,Morphling ,Storm Spirit,Faceless Void,Earth Spirit,Phoenix,Outworld Devourer,Lion,Timbersaw,Sand King,Silencer,Dire,
2671483680,Juggernaut,Invoker,Bristleback,Mirana,Dazzle,Morphling,Tinker,Faceless Void,Queen of Pain,Lich,Radiant,
2671485532,Phantom Assassin,Tinker,Timbersaw,Shadow Demon,Earthshaker,Morphling,Invoker,Dark Seer,Bloodseeker,Treant Protector,Dire,
2671475076,Luna,Outworld Devourer,Weaver,Doom,Keeper of the Light,Morphling,Tinker,Nyx Assassin,Venomancer,Pudge,Dire,
2671480689,Morphling ,Legion Commander,Sand King,Bounty Hunter,Silencer,Anti-Mage,Tiny,Riki,Pudge,Keeper of the Light,Radiant,
2671488137,Magnus,Huskar,Abaddon,Drow Ranger,Winter Wyvern,Phantom Assassin,Storm Spirit,Sand King,Bounty Hunter,Warlock,Radiant,
2671493105,Riki,Mirana,Earthshaker,Wraith King,Keeper of the Light,Phantom Lancer,Shadow Fiend,Centaur Warrunner,Pudge,Lion,Dire,
2671489888,Drow Ranger,Invoker,Axe,Riki,Shadow Demon,Juggernaut,Alchemist,Slardar,Pudge,Vengeful Spirit,Dire,
2671491352,Phantom Assassin,Storm Spirit,Pudge,Riki,Bane,Luna,Tinker,Faceless Void,Lifestealer,Ancient Apparition,Radiant,
2671485011,Slark,Windranger,Spirit Breaker,Riki,Necrophos,Anti-Mage,Puck,Axe,Rubick,Disruptor,Dire,
2671486896,Wraith King,Windranger,Centaur Warrunner,Night Stalker,Omniknight,Troll Warlord,Juggernaut,Necrophos,Riki,Lion,Dire,
2671488141,Luna,Storm Spirit,Windranger,Kunkka,Jakiro,Phantom Assassin,Invoker,Juggernaut,Pudge,Keeper of the Light,Dire,
2671494670,Phantom Assassin,Alchemist,Bristleback,Legion Commander,Zeus,Morphling,Razor,Timbersaw,Lion,Bounty Hunter,Dire,
2671492600,Luna,Timbersaw,Nyx Assassin,Enigma,Jakiro,Juggernaut,Invoker,Bloodseeker,Phoenix,Windranger,Radiant,
2671481382,Phantom Assassin,Juggernaut,Riki,Spirit Breaker,Shadow Demon,Tiny,Omniknight,Axe,Bounty Hunter,Warlock,Dire,
2671496656,Wraith King,Arc Warden,Phoenix,Ogre Magi,Riki,Drow Ranger,Luna,Faceless Void,Elder Titan,Shadow Demon,Dire,
2671497681,Juggernaut,Queen of Pain,Clockwerk,Skywrath Mage,Omniknight,Slark,Zeus,Magnus,Mirana,Treant Protector,Dire,
2671494410,Troll Warlord,Timbersaw,Sand King,Centaur Warrunner,Undying,Lifestealer,Alchemist,Batrider,Mirana,Rubick,Dire,
2671496690,Morphling ,Necrophos,Nyx Assassin,Spirit Breaker,Ancient Apparition,Luna,Invoker,Sand King,Shadow Demon,Riki,Radiant,
2671506083,Juggernaut,Kunkka,Mirana,Legion Commander,Crystal Maiden,Sven,Pudge,Elder Titan,Enigma,Dazzle,Radiant,
2671479046,Drow Ranger,Morphling,Lone Druid,Batrider,Crystal Maiden,Anti-Mage,Invoker,Arc Warden,Tusk,Nyx Assassin,Dire,
2671479847,Anti-Mage,Storm Spirit,Timbersaw,Puck,Mirana,Spectre,Viper,Slark,Axe,Lion,Radiant,
2671496939,Juggernaut,Invoker,Axe,Bloodseeker,Lion,Slark,Lina,Lone Druid,Sand King,Disruptor,Radiant,
2671488705,Drow Ranger,Windranger,Axe,Oracle,Pudge,Sven,Kunkka,Phantom Assassin,Magnus,Shadow Demon,Dire,
2671480139,Lifestealer,Invoker,Nyx Assassin,Crystal Maiden,Elder Titan,Morphling,Outworld Devourer,Bounty Hunter,Earthshaker,Skywrath Mage,Radiant,
2671500938,Huskar,Outworld Devourer,Nyx Assassin,Dazzle,Lion,Razor,Storm Spirit,Bounty Hunter,Mirana,Disruptor,Radiant,
2671474480,Anti-Mage,Invoker,Dark Seer,Ancient Apparition,Pudge,Bloodseeker,Tinker,Sand King,Lina,Necrophos,Dire,
2673459239,Faceless Void,Ember Spirit,Timbersaw,Pudge,Venomancer,Anti-Mage,Invoker,Omniknight,Legion Commander,Earthshaker,Radiant,
2673444041,Huskar,Mirana,Underlord,Juggernaut,Warlock,Luna,Outworld Devourer,Faceless Void,Sand King,Disruptor,Dire,
2673440668,Clinkz,Outworld Devourer,Faceless Void,Pudge,Ogre Magi,Morphling,Puck,Undying,Keeper of the Light,Riki,Dire,
2673431800,Morphling ,Invoker,Queen of Pain,Medusa,Witch Doctor,Anti-Mage,Tiny,Nyx Assassin,Vengeful Spirit,Lion,Dire,
2673431588,Dragon Knight,Tinker,Morphling,Legion Commander,Dazzle,Anti-Mage,Mirana,Timbersaw,Sand King,Naga Siren,Dire,
2673461389,Slark,Meepo,Broodmother,Oracle,Ogre Magi,Drow Ranger,Huskar,Pudge,Ursa,Dazzle,Dire,
2673452956,Slark,Invoker,Faceless Void,Keeper of the Light,Omniknight,Arc Warden,Drow Ranger,Riki,Pudge,Lion,Dire,
2673459701,Anti-Mage,Meepo,Night Stalker,Crystal Maiden,Mirana,Phantom Assassin,Sniper,Nature's Prophet,Disruptor,Treant Protector,Dire,
2673443298,Juggernaut,Phantom Assassin,Earthshaker,Pudge,Ogre Magi,Phantom Lancer,Outworld Devourer,Queen of Pain,Batrider,Underlord,Dire,
2673448883,Faceless Void,Magnus,Legion Commander,Lion,Elder Titan,Ursa,Bloodseeker,Slardar,Io,Bane,Radiant,
2673445405,Slark,Lina,Magnus,Pugna,Riki,Outworld Devourer,Zeus,Phoenix,Pudge,Warlock,Radiant,
2673453487,Terrorblade,Invoker,Faceless Void,Crystal Maiden,Night Stalker,Huskar,Tinker,Nature's Prophet,Treant Protector,Lion,Dire,
2673435220,Morphling ,Phantom Assassin,Magnus,Shadow Demon,Kunkka,Juggernaut,Tinker,Sand King,Pudge,Lich,Dire,
2673437188,Phantom Lancer,Mirana,Pudge,Kunkka,Bounty Hunter,Sniper,Storm Spirit,Drow Ranger,Faceless Void,Underlord,Dire,
2673440717,Slark,Puck,Ursa,Lycan,Bloodseeker,Sniper,Invoker,Drow Ranger,Axe,Lion,Radiant,
2673437725,Bloodseeker,Storm Spirit,Drow Ranger,Juggernaut,Abaddon,Medusa,Mirana,Slark,Pudge,Ancient Apparition,Dire,
2673446162,Juggernaut,Invoker,Faceless Void,Necrophos,Skywrath Mage,Anti-Mage,Mirana,Magnus,Bloodseeker,Warlock,Dire,
2673451245,Anti-Mage,Sniper,Phoenix,Meepo,Rubick,Clinkz,Phantom Assassin,Bloodseeker,Kunkka,Enigma,Dire,
2673461059,Anti-Mage,Shadow Fiend,Faceless Void,Riki,Lion,Luna,Morphling,Phantom Assassin,Slardar,Drow Ranger,Dire,
2673429346,Morphling ,Zeus,Slardar,Lich,Keeper of the Light,Drow Ranger,Tinker,Faceless Void,Mirana,Ogre Magi,Radiant,
2673461928,Ursa,Ember Spirit,Axe,Dazzle,Treant Protector,Morphling,Templar Assassin,Tidehunter,Bloodseeker,Lion,Radiant,
2673421556,Anti-Mage,Puck,Magnus,Legion Commander,Lion,Slark,Phantom Assassin,Sand King,Pugna,Disruptor,Radiant,
2673433104,Drow Ranger,Templar Assassin,Nyx Assassin,Shadow Shaman,Riki,Spectre,Clinkz,Faceless Void,Keeper of the Light,Pudge,Dire,
2673444445,Wraith King,Invoker,Weaver,Bloodseeker,Dazzle,Chaos Knight,Tinker,Faceless Void,Legion Commander,Necrophos,Radiant,
2673449443,Morphling ,Storm Spirit,Sand King,Wraith King,Pudge,Phantom Lancer,Shadow Fiend,Faceless Void,Mirana,Ancient Apparition,Dire,
2673442323,Luna,Invoker,Magnus,Kunkka,Vengeful Spirit,Slark,Storm Spirit,Windranger,Shadow Demon,Pudge,Dire,
2673430920,Sniper,Storm Spirit,Faceless Void,Pudge,Lion,Drow Ranger,Mirana,Tiny,Warlock,Vengeful Spirit,Dire,
2673450438,Anti-Mage,Juggernaut,Sand King,Pudge,Rubick,Slark,Storm Spirit,Phoenix,Omniknight,Lion,Dire,
2673427307,Juggernaut,Tinker,Timbersaw,Mirana,Oracle,Morphling,Storm Spirit,Phantom Assassin,Crystal Maiden,Ogre Magi,Dire,
2673458278,Slark,Kunkka,Underlord,Pudge,Witch Doctor,Anti-Mage,Sand King,Tidehunter,Earth Spirit,Shadow Demon,Radiant,
2673435935,Anti-Mage,Arc Warden,Centaur Warrunner,Vengeful Spirit,Naga Siren,Terrorblade,Phantom Assassin,Timbersaw,Legion Commander,Earthshaker,Dire,
2673453369,Morphling ,Invoker,Sand King,Bloodseeker,Shadow Demon,Gyrocopter,Arc Warden,Nyx Assassin,Riki,Ancient Apparition,Dire,
2673458041,Phantom Assassin,Tinker,Batrider,Bounty Hunter,Io,Juggernaut,Templar Assassin,Nyx Assassin,Silencer,Vengeful Spirit,Dire,
2673438101,Juggernaut,Tinker,Pugna,Enigma,Pudge,Medusa,Phantom Assassin,Tiny,Dazzle,Bane,Dire,
2673424068,Slark,Tinker,Magnus,Bloodseeker,Pudge,Juggernaut,Outworld Devourer,Ursa,Night Stalker,Sand King,Radiant,
2673450510,Anti-Mage,Storm Spirit,Undying,Nyx Assassin,Silencer,Morphling,Outworld Devourer,Axe,Pudge,Omniknight,Dire,
2673424433,Sniper,Tiny,Phoenix,Underlord,Earthshaker,Mirana,Shadow Fiend,Juggernaut,Bounty Hunter,Crystal Maiden,Radiant,
2673450480,Morphling ,Invoker,Timbersaw,Riki,Shadow Demon,Slark,Juggernaut,Magnus,Beastmaster,Omniknight,Radiant,
2673444871,Riki,Invoker,Faceless Void,Bane,Silencer,Tiny,Queen of Pain,Mirana,Lifestealer,Ogre Magi,Dire,
2673445066,Luna,Alchemist,Axe,Lich,Venomancer,Juggernaut,Phantom Assassin,Tusk,Sand King,Vengeful Spirit,Radiant,
2673419536,Drow Ranger,Shadow Fiend,Bristleback,Ursa,Kunkka,Slark,Storm Spirit,Timbersaw,Pudge,Shadow Demon,Dire,
2673430944,Slark,Axe,Crystal Maiden,Lifestealer,Earthshaker,Anti-Mage,Puck,Mirana,Legion Commander,Dazzle,Radiant,
2673433084,Morphling ,Phantom Assassin,Faceless Void,Vengeful Spirit,Earthshaker,Luna,Puck,Batrider,Rubick,Silencer,Dire,
2673448915,Ursa,Tinker,Magnus,Pudge,Ogre Magi,Juggernaut,Alchemist,Invoker,Silencer,Necrophos,Dire,
2673426610,Sven,Phantom Assassin,Slardar,Spirit Breaker,Lion,Anti-Mage,Tinker,Dark Seer,Riki,Crystal Maiden,Radiant,
2673444291,Sven,Medusa,Axe,Shadow Demon,Pudge,Anti-Mage,Kunkka,Slardar,Sand King,Mirana,Radiant,
2673448893,Clinkz,Tinker,Timbersaw,Lich,Spirit Breaker,Phantom Assassin,Sniper,Sand King,Pudge,Nyx Assassin,Radiant,
2673454388,Juggernaut,Storm Spirit,Timbersaw,Elder Titan,Bounty Hunter,Slark,Outworld Devourer,Underlord,Lion,Riki,Dire,
2673442936,Morphling ,Outworld Devourer,Lycan,Vengeful Spirit,Keeper of the Light,Terrorblade,Sniper,Faceless Void,Warlock,Lich,Dire,
2677105854,Slark,Shadow Fiend,Axe,Mirana,Kunkka,Faceless Void,Invoker,Bristleback,Skywrath Mage,Disruptor,Dire,
2677116663,Sven,Invoker,Faceless Void,Keeper of the Light,Witch Doctor,Slark,Phantom Assassin,Batrider,Riki,Lion,Radiant,
2677134113,Lifestealer,Shadow Fiend,Timbersaw,Mirana,Lich,Clinkz,Phantom Assassin,Batrider,Pudge,Lion,Dire,
2677133555,Juggernaut,Outworld Devourer,Faceless Void,Spirit Breaker,Crystal Maiden,Drow Ranger,Tinker,Mirana,Pudge,Riki,Radiant,
2677146985,Medusa,Huskar,Riki,Sven,Ancient Apparition,Juggernaut,Outworld Devourer,Bristleback,Sand King,Omniknight,Dire,
2677120936,Drow Ranger,Shadow Fiend,Magnus,Axe,Kunkka,Morphling,Invoker,Mirana,Luna,Techies,Radiant,
2677116551,Drow Ranger,Windranger,Axe,Doom,Ancient Apparition,Juggernaut,Outworld Devourer,Timbersaw,Riki,Omniknight,Radiant,
2677140102,Slark,Shadow Fiend,Clockwerk,Ursa,Abaddon,Faceless Void,Pudge,Timbersaw,Spirit Breaker,Keeper of the Light,Dire,
2677132397,Drow Ranger,Shadow Fiend,Sand King,Pudge,Silencer,Juggernaut,Mirana,Crystal Maiden,Earthshaker,Vengeful Spirit,Dire,
2677113386,Sniper,Drow Ranger,Faceless Void,Zeus,Pudge,Phantom Assassin,Alchemist,Clockwerk,Bloodseeker,Disruptor,Dire,
2677084413,Medusa,Tinker,Dark Seer,Lich,Pudge,Spectre,Outworld Devourer,Phoenix,Omniknight,Disruptor,Dire,
2677120662,Ember Spirit,Lina,Faceless Void,Bloodseeker,Mirana,Luna,Morphling,Timbersaw,Axe,Jakiro,Radiant,
2677134252,Outworld Devourer,Pudge,Windranger,Morphling ,Warlock,Phantom Assassin,Templar Assassin,Riki,Magnus,Shadow Demon,Radiant,
2677123494,Anti-Mage,Tinker,Axe,Riki,Pudge,Slark,Lina,Timbersaw,Underlord,Kunkka,Radiant,
2677120341,Morphling ,Timbersaw,Slardar,Lina,Silencer,Ursa,Queen of Pain,Batrider,Bounty Hunter,Disruptor,Radiant,
2677133901,Juggernaut,Morphling,Dark Seer,Riki,Omniknight,Kunkka,Luna,Axe,Skywrath Mage,Shadow Demon,Radiant,
2677141864,Ursa,Kunkka,Broodmother,Legion Commander,Bounty Hunter,Faceless Void,Outworld Devourer,Tusk,Disruptor,Riki,Radiant,
2677129386,Slark,Timbersaw,Mirana,Oracle,Vengeful Spirit,Sniper,Necrophos,Faceless Void,Spirit Breaker,Phoenix,Dire,
2677101927,Morphling ,Kunkka,Sand King,Riki,Crystal Maiden,Medusa,Tinker,Razor,Pudge,Nyx Assassin,Radiant,
2677125103,Terrorblade,Outworld Devourer,Nyx Assassin,Bounty Hunter,Crystal Maiden,Weaver,Phantom Assassin,Venomancer,Batrider,Pudge,Radiant,
2677077485,Morphling ,Invoker,Drow Ranger,Mirana,Shadow Demon,Outworld Devourer,Zeus,Riki,Winter Wyvern,Vengeful Spirit,Radiant,
2677154752,Drow Ranger,Outworld Devourer,Axe,Venomancer,Necrophos,Slark,Storm Spirit,Sand King,Jakiro,Bounty Hunter,Radiant,
2677091970,Juggernaut,Queen of Pain,Tiny,Nyx Assassin,Enchantress,Morphling,Templar Assassin,Timbersaw,Riki,Crystal Maiden,Radiant,
2677108049,Slark,Tinker,Sand King,Pudge,Bane,Juggernaut,Lina,Lone Druid,Ancient Apparition,Shadow Demon,Radiant,
2677112339,Juggernaut,Storm Spirit,Timbersaw,Kunkka,Omniknight,Slark,Outworld Devourer,Mirana,Crystal Maiden,Lion,Dire,
2677133935,Meepo,Outworld Devourer,Clockwerk,Legion Commander,Ogre Magi,Anti-Mage,Shadow Fiend,Necrophos,Earthshaker,Pudge,Dire,
2677095488,Doom,Storm Spirit,Zeus,Kunkka,Dazzle,Phantom Assassin,Shadow Fiend,Mirana,Batrider,Ogre Magi,Dire,
2677090890,Morphling ,Drow Ranger,Faceless Void,Shadow Demon,Riki,Ember Spirit,Outworld Devourer,Dark Seer,Zeus,Keeper of the Light,Radiant,
2677129579,Slark,Phantom Assassin,Necrophos,Kunkka,Oracle,Juggernaut,Storm Spirit,Axe,Phoenix,Vengeful Spirit,Dire,
2677124425,Anti-Mage,Necrophos,Clinkz,Sand King,Disruptor,Morphling,Tinker,Phantom Assassin,Doom,Ogre Magi,Dire,
2677120558,Juggernaut,Outworld Devourer,Riki,Legion Commander,Sniper,Luna,Razor,Tidehunter,Nyx Assassin,Bounty Hunter,Dire,
2677117753,Slark,Invoker,Phoenix,Mirana,Bane,Troll Warlord,Tinker,Necrophos,Pudge,Crystal Maiden,Radiant,
2677125256,Slark,Invoker,Mirana,Sniper,Kunkka,Clinkz,Tinker,Clockwerk,Elder Titan,Nyx Assassin,Dire,
2677087844,Tiny,Outworld Devourer,Kunkka,Skywrath Mage,Venomancer,Phantom Assassin,Tinker,Slardar,Legion Commander,Pudge,Dire,
2677139880,Necrophos,Luna,Drow Ranger,Legion Commander,Keeper of the Light,Meepo,Morphling,Batrider,Pudge,Ancient Apparition,Dire,
2677115531,Slark,Sniper,Magnus,Silencer,Kunkka,Sven,Shadow Fiend,Storm Spirit,Riki,Mirana,Radiant,
2677105401,Wraith King,Tinker,Necrophos,Bounty Hunter,Witch Doctor,Lifestealer,Invoker,Clockwerk,Pudge,Disruptor,Radiant,
2677130802,Anti-Mage,Timbersaw,Faceless Void,Lion,Elder Titan,Morphling,Outworld Devourer,Underlord,Phoenix,Shadow Demon,Dire,
2677149017,Sven,Tiny,Bristleback,Shadow Demon,Omniknight,Necrophos,Huskar,Drow Ranger,Axe,Phoenix,Dire,
2677123768,Spectre,Tinker,Zeus,Legion Commander,Disruptor,Juggernaut,Templar Assassin,Outworld Devourer,Rubick,Omniknight,Dire,
2677116164,Anti-Mage,Outworld Devourer,Tidehunter,Earth Spirit,Lion,Drow Ranger,Invoker,Centaur Warrunner,Keeper of the Light,Riki,Radiant,
2677127701,Morphling ,Storm Spirit,Axe,Lina,Earthshaker,Juggernaut,Invoker,Clockwerk,Necrophos,Nyx Assassin,Dire,
2677118157,Tiny,Morphling,Axe,Underlord,Kunkka,Drow Ranger,Shadow Fiend,Necrophos,Lina,Elder Titan,Dire,
2677126683,Morphling ,Storm Spirit,Sand King,Oracle,Shadow Demon,Legion Commander,Huskar,Earthshaker,Crystal Maiden,Ancient Apparition,Dire,
2677131395,Slark,Tiny,Timbersaw,Arc Warden,Bloodseeker,Juggernaut,Mirana,Axe,Disruptor,Shadow Demon,Radiant,
2677108757,Juggernaut,Mirana,Pudge,Elder Titan,Morphling,Lifestealer,Outworld Devourer,Slardar,Earth Spirit,Lion,Dire,
2677100796,Anti-Mage,Invoker,Nyx Assassin,Pugna,Crystal Maiden,Lifestealer,Outworld Devourer,Sand King,Mirana,Keeper of the Light,Radiant,
2682427996,Spectre,Tinker,Slardar,Keeper of the Light,Witch Doctor,Drow Ranger,Ursa,Huskar,Dazzle,Silencer,Radiant,
2682431200,Naga Siren,Storm Spirit,Timbersaw,Riki,Lion,Morphling,Juggernaut,Legion Commander,Disruptor,Keeper of the Light,Dire,
2682433149,Lifestealer,Ursa,Spirit Breaker,Lich,Oracle,Meepo,Alchemist,Magnus,Shadow Demon,Ogre Magi,Radiant,
2682416726,Terrorblade,Puck,Slardar,Ogre Magi,Mirana,Slark,Morphling,Tidehunter,Riki,Keeper of the Light,Dire,
2682421874,Troll Warlord,Mirana,Huskar,Legion Commander,Ogre Magi,Juggernaut,Razor,Timbersaw,Pudge,Oracle,Dire,
2682415335,Meepo,Outworld Devourer,Bloodseeker,Earthshaker,Lion,Juggernaut,Medusa,Mirana,Legion Commander,Pudge,Radiant,
2682422941,Anti-Mage,Queen of Pain,Windranger,Axe,Warlock,Morphling,Storm Spirit,Huskar,Bloodseeker,Ogre Magi,Radiant,
2682417504,Anti-Mage,Tinker,Sand King,Bounty Hunter,Treant Protector,Morphling,Storm Spirit,Axe,Jakiro,Riki,Dire,
2682422454,Juggernaut,Mirana,Slardar,Pudge,Oracle,Drow Ranger,Outworld Devourer,Faceless Void,Sniper,Necrophos,Dire,
2682411991,Drow Ranger,Viper,Faceless Void,Warlock,Earthshaker,Spectre,Invoker,Windranger,Legion Commander,Kunkka,Radiant,
2682427421,Morphling ,Tinker,Mirana,Kunkka,Pudge,Juggernaut,Magnus,Faceless Void,Elder Titan,Ancient Apparition,Radiant,
2682417178,Juggernaut,Alchemist,Centaur Warrunner,Bounty Hunter,Pudge,Drow Ranger,Puck,Slardar,Necrophos,Riki,Radiant,
2682425928,Spectre,Invoker,Tidehunter,Pudge,Silencer,Phantom Assassin,Tinker,Centaur Warrunner,Bounty Hunter,Omniknight,Dire,
2682431001,Anti-Mage,Outworld Devourer,Riki,Ursa,Rubick,Morphling,Shadow Fiend,Spirit Breaker,Sand King,Zeus,Radiant,
2682420532,Sniper,Windranger,Legion Commander,Abaddon,Lion,Drow Ranger,Invoker,Faceless Void,Alchemist,Ogre Magi,Dire,
2682432254,Phantom Assassin,Alchemist,Faceless Void,Witch Doctor,Pudge,Drow Ranger,Windranger,Phoenix,Silencer,Rubick,Radiant,
2682414820,Anti-Mage,Storm Spirit,Timbersaw,Mirana,Crystal Maiden,Wraith King,Phantom Assassin,Tiny,Dazzle,Pudge,Dire,
2682430706,Sven,Queen of Pain,Slardar,Treant Protector,Witch Doctor,Juggernaut,Mirana,Underlord,Bloodseeker,Lion,Dire,
2682415014,Sniper,Invoker,Axe,Pudge,Bane,Juggernaut,Storm Spirit,Lifestealer,Morphling,Bounty Hunter,Dire,
2682431805,Wraith King,Alchemist,Phoenix,Riki,Shadow Shaman,Slark,Kunkka,Broodmother,Lion,Pudge,Dire,
2682425029,Phantom Assassin,Ember Spirit,Axe,Sand King,Mirana,Juggernaut,Viper,Timbersaw,Ursa,Skywrath Mage,Radiant,
2682415713,Ursa,Queen of Pain,Morphling,Kunkka,Lion,Drow Ranger,Ember Spirit,Batrider,Axe,Witch Doctor,Radiant,
2682407524,Morphling ,Juggernaut,Windranger,Pudge,Rubick,Anti-Mage,Tinker,Magnus,Shadow Shaman,Crystal Maiden,Dire,
2682432093,Drow Ranger,Storm Spirit,Faceless Void,Rubick,Ancient Apparition,Phantom Assassin,Queen of Pain,Axe,Mirana,Omniknight,Radiant,
2682414899,Drow Ranger,Invoker,Venomancer,Axe,Disruptor,Lifestealer,Storm Spirit,Spirit Breaker,Bounty Hunter,Kunkka,Dire,
2682412589,Spirit Breaker,Zeus,Broodmother,Nature's Prophet,Disruptor,Kunkka,Tiny,Windranger,Phantom Assassin,Pudge,Dire,
2682429202,Juggernaut,Phantom Assassin,Dark Seer,Silencer,Bounty Hunter,Drow Ranger,Queen of Pain,Windranger,Venomancer,Keeper of the Light,Radiant,
2682427433,Morphling ,Queen of Pain,Sniper,Legion Commander,Lion,Spectre,Meepo,Zeus,Pudge,Spirit Breaker,Radiant,
2682401866,Juggernaut,Invoker,Bristleback,Ogre Magi,Pudge,Mirana,Shadow Fiend,Huskar,Phantom Assassin,Kunkka,Dire,
2682423279,Spectre,Meepo,Kunkka,Bounty Hunter,Ogre Magi,Phantom Assassin,Invoker,Nyx Assassin,Legion Commander,Abaddon,Radiant,
2682425247,Anti-Mage,Invoker,Clockwerk,Undying,Lion,Morphling,Windranger,Sand King,Lifestealer,Treant Protector,Radiant,
2682410477,Anti-Mage,Zeus,Mirana,Nature's Prophet,Silencer,Luna,Invoker,Faceless Void,Axe,Warlock,Dire,
2682424452,Tiny,Tinker,Mirana,Bloodseeker,Witch Doctor,Clinkz,Zeus,Underlord,Legion Commander,Lich,Dire,
2682424803,Ursa,Shadow Fiend,Faceless Void,Shadow Shaman,Riki,Outworld Devourer,Juggernaut,Omniknight,Pudge,Rubick,Radiant,
2682438388,Faceless Void,Tinker,Abaddon,Lich,Phoenix,Drow Ranger,Invoker,Timbersaw,Lion,Vengeful Spirit,Radiant,
2682420703,Drow Ranger,Outworld Devourer,Faceless Void,Visage,Lion,Slark,Storm Spirit,Nyx Assassin,Kunkka,Riki,Radiant,
2682426108,Drow Ranger,Invoker,Axe,Riki,Disruptor,Morphling,Tinker,Legion Commander,Oracle,Earth Spirit,Dire,
2682405877,Juggernaut,Invoker,Ember Spirit,Earthshaker,Vengeful Spirit,Phantom Lancer,Mirana,Timbersaw,Axe,Puck,Radiant,
2682433684,Slardar,Meepo,Dark Seer,Lycan,Rubick,Juggernaut,Slark,Ursa,Omniknight,Lich,Radiant,
2682426121,Huskar,Storm Spirit,Windranger,Omniknight,Disruptor,Juggernaut,Phantom Assassin,Doom,Mirana,Lion,Radiant,
2682433138,Morphling ,Storm Spirit,Queen of Pain,Bloodseeker,Pudge,Phantom Assassin,Tinker,Axe,Omniknight,Shadow Demon,Dire,
2682424654,Juggernaut,Magnus,Timbersaw,Bounty Hunter,Ancient Apparition,Slark,Tinker,Axe,Legion Commander,Omniknight,Radiant,
2682425086,Slark,Tinker,Phantom Assassin,Mirana,Witch Doctor,Juggernaut,Outworld Devourer,Ursa,Omniknight,Treant Protector,Dire,
2682423522,Medusa,Kunkka,Techies,Shadow Demon,Ogre Magi,Anti-Mage,Invoker,Faceless Void,Lich,Pudge,Radiant,
2682421211,Sven,Ember Spirit,Mirana,Earthshaker,Rubick,Juggernaut,Brewmaster,Broodmother,Wraith King,Ogre Magi,Dire,
2682419728,Morphling ,Juggernaut,Slardar,Ancient Apparition,Vengeful Spirit,Anti-Mage,Puck,Windranger,Lina,Spirit Breaker,Dire,
2682431768,Juggernaut,Lina,Lich,Lifestealer,Oracle,Morphling,Tinker,Slardar,Shadow Shaman,Ogre Magi,Dire,
2682404831,Anti-Mage,Puck,Axe,Bloodseeker,Oracle,Slark,Storm Spirit,Earthshaker,Omniknight,Lion,Radiant,
2682433915,Slark,Morphling,Faceless Void,Witch Doctor,Riki,Drow Ranger,Invoker,Huskar,Axe,Mirana,Dire,
2707613806,Anti-Mage,Outworld Devourer,Timbersaw,Axe,Shadow Shaman,Morphling,Shadow Fiend,Huskar,Ursa,Mirana,Radiant,
2707610513,Slark,Storm Spirit,Bloodseeker,Witch Doctor,Rubick,Anti-Mage,Outworld Devourer,Timbersaw,Keeper of the Light,Silencer,Radiant,
2707610275,Lifestealer,Mirana,Underlord,Night Stalker,Riki,Phantom Assassin,Invoker,Axe,Bounty Hunter,Pudge,Radiant,
2707631237,Drow Ranger,Tinker,Venomancer,Techies,Lion,Phantom Assassin,Morphling,Axe,Sniper,Rubick,Radiant,
2707613536,Luna,Invoker,Doom,Pudge,Necrophos,Anti-Mage,Outworld Devourer,Weaver,Axe,Shadow Shaman,Dire,